estudiante_id,materia,probabilidad_riesgo,nivel_riesgo,materia_critica
EST_001,Matemáticas,50,medio,Lenguaje
EST_001,Lenguaje,90,alto,Lenguaje
EST_001,Artística,79,alto,Lenguaje
EST_001,Sociales,28,bajo,Lenguaje
EST_002,Matemáticas,12,bajo,Lenguaje
EST_002,Lenguaje,55,medio,Lenguaje
EST_002,Artística,25,bajo,Lenguaje
EST_002,Sociales,17,bajo,Lenguaje
EST_003,Matemáticas,32,bajo,Artística
EST_003,Lenguaje,52,medio,Artística
EST_003,Artística,74,alto,Artística
EST_003,Sociales,65,medio,Artística
EST_004,Matemáticas,16,bajo,Sociales
EST_004,Lenguaje,25,bajo,Sociales
EST_004,Artística,12,bajo,Sociales
EST_004,Sociales,65,medio,Sociales
EST_005,Matemáticas,53,medio,Artística
EST_005,Lenguaje,35,bajo,Artística
EST_005,Artística,69,medio,Artística
EST_005,Sociales,32,bajo,Artística
EST_006,Matemáticas,74,alto,Lenguaje
EST_006,Lenguaje,77,alto,Lenguaje
EST_006,Artística,14,bajo,Lenguaje
EST_006,Sociales,62,medio,Lenguaje
EST_007,Matemáticas,60,medio,Lenguaje
EST_007,Lenguaje,90,alto,Lenguaje
EST_007,Artística,40,medio,Lenguaje
EST_007,Sociales,47,medio,Lenguaje
EST_008,Matemáticas,17,bajo,Artística
EST_008,Lenguaje,42,medio,Artística
EST_008,Artística,89,alto,Artística
EST_008,Sociales,83,alto,Artística
EST_009,Matemáticas,53,medio,Artística
EST_009,Lenguaje,33,bajo,Artística
EST_009,Artística,74,alto,Artística
EST_009,Sociales,11,bajo,Artística
EST_010,Matemáticas,32,bajo,Lenguaje
EST_010,Lenguaje,74,alto,Lenguaje
EST_010,Artística,70,alto,Lenguaje
EST_010,Sociales,28,bajo,Lenguaje
EST_011,Matemáticas,41,medio,Artística
EST_011,Lenguaje,62,medio,Artística
EST_011,Artística,63,medio,Artística
EST_011,Sociales,54,medio,Artística
EST_012,Matemáticas,39,bajo,Artística
EST_012,Lenguaje,38,bajo,Artística
EST_012,Artística,87,alto,Artística
EST_012,Sociales,83,alto,Artística
EST_013,Matemáticas,10,bajo,Artística
EST_013,Lenguaje,10,bajo,Artística
EST_013,Artística,38,bajo,Artística
EST_013,Sociales,18,bajo,Artística
EST_014,Matemáticas,38,bajo,Lenguaje
EST_014,Lenguaje,58,medio,Lenguaje
EST_014,Artística,36,bajo,Lenguaje
EST_014,Sociales,45,medio,Lenguaje
EST_015,Matemáticas,87,alto,Matemáticas
EST_015,Lenguaje,59,medio,Matemáticas
EST_015,Artística,79,alto,Matemáticas
EST_015,Sociales,25,bajo,Matemáticas
EST_016,Matemáticas,39,bajo,Artística
EST_016,Lenguaje,19,bajo,Artística
EST_016,Artística,90,alto,Artística
EST_016,Sociales,38,bajo,Artística
EST_017,Matemáticas,38,bajo,Artística
EST_017,Lenguaje,70,alto,Artística
EST_017,Artística,84,alto,Artística
EST_017,Sociales,22,bajo,Artística
EST_018,Matemáticas,46,medio,Artística
EST_018,Lenguaje,23,bajo,Artística
EST_018,Artística,88,alto,Artística
EST_018,Sociales,74,alto,Artística
EST_019,Matemáticas,69,medio,Lenguaje
EST_019,Lenguaje,74,alto,Lenguaje
EST_019,Artística,43,medio,Lenguaje
EST_019,Sociales,67,medio,Lenguaje
EST_020,Matemáticas,27,bajo,Sociales
EST_020,Lenguaje,40,medio,Sociales
EST_020,Artística,53,medio,Sociales
EST_020,Sociales,81,alto,Sociales
EST_021,Matemáticas,14,bajo,Sociales
EST_021,Lenguaje,42,medio,Sociales
EST_021,Artística,38,bajo,Sociales
EST_021,Sociales,53,medio,Sociales
EST_022,Matemáticas,47,medio,Matemáticas
EST_022,Lenguaje,34,bajo,Matemáticas
EST_022,Artística,27,bajo,Matemáticas
EST_022,Sociales,31,bajo,Matemáticas
EST_023,Matemáticas,63,medio,Artística
EST_023,Lenguaje,36,bajo,Artística
EST_023,Artística,64,medio,Artística
EST_023,Sociales,43,medio,Artística
EST_024,Matemáticas,31,bajo,Lenguaje
EST_024,Lenguaje,87,alto,Lenguaje
EST_024,Artística,26,bajo,Lenguaje
EST_024,Sociales,29,bajo,Lenguaje
EST_025,Matemáticas,84,alto,Matemáticas
EST_025,Lenguaje,38,bajo,Matemáticas
EST_025,Artística,18,bajo,Matemáticas
EST_025,Sociales,65,medio,Matemáticas
EST_026,Matemáticas,10,bajo,Artística
EST_026,Lenguaje,81,alto,Artística
EST_026,Artística,82,alto,Artística
EST_026,Sociales,68,medio,Artística
EST_027,Matemáticas,42,medio,Artística
EST_027,Lenguaje,55,medio,Artística
EST_027,Artística,77,alto,Artística
EST_027,Sociales,72,alto,Artística
EST_028,Matemáticas,49,medio,Lenguaje
EST_028,Lenguaje,68,medio,Lenguaje
EST_028,Artística,20,bajo,Lenguaje
EST_028,Sociales,43,medio,Lenguaje
EST_029,Matemáticas,47,medio,Sociales
EST_029,Lenguaje,44,medio,Sociales
EST_029,Artística,46,medio,Sociales
EST_029,Sociales,55,medio,Sociales
EST_030,Matemáticas,24,bajo,Sociales
EST_030,Lenguaje,15,bajo,Sociales
EST_030,Artística,87,alto,Sociales
EST_030,Sociales,90,alto,Sociales
EST_031,Matemáticas,90,alto,Matemáticas
EST_031,Lenguaje,34,bajo,Matemáticas
EST_031,Artística,62,medio,Matemáticas
EST_031,Sociales,30,bajo,Matemáticas
EST_032,Matemáticas,55,medio,Sociales
EST_032,Lenguaje,13,bajo,Sociales
EST_032,Artística,65,medio,Sociales
EST_032,Sociales,87,alto,Sociales
EST_033,Matemáticas,19,bajo,Sociales
EST_033,Lenguaje,13,bajo,Sociales
EST_033,Artística,47,medio,Sociales
EST_033,Sociales,70,alto,Sociales
EST_034,Matemáticas,84,alto,Sociales
EST_034,Lenguaje,12,bajo,Sociales
EST_034,Artística,62,medio,Sociales
EST_034,Sociales,85,alto,Sociales
EST_035,Matemáticas,73,alto,Matemáticas
EST_035,Lenguaje,66,medio,Matemáticas
EST_035,Artística,57,medio,Matemáticas
EST_035,Sociales,34,bajo,Matemáticas
EST_036,Matemáticas,76,alto,Sociales
EST_036,Lenguaje,71,alto,Sociales
EST_036,Artística,18,bajo,Sociales
EST_036,Sociales,80,alto,Sociales
EST_037,Matemáticas,15,bajo,Lenguaje
EST_037,Lenguaje,86,alto,Lenguaje
EST_037,Artística,29,bajo,Lenguaje
EST_037,Sociales,53,medio,Lenguaje
EST_038,Matemáticas,55,medio,Lenguaje
EST_038,Lenguaje,74,alto,Lenguaje
EST_038,Artística,17,bajo,Lenguaje
EST_038,Sociales,12,bajo,Lenguaje
EST_039,Matemáticas,45,medio,Matemáticas
EST_039,Lenguaje,19,bajo,Matemáticas
EST_039,Artística,28,bajo,Matemáticas
EST_039,Sociales,12,bajo,Matemáticas
EST_040,Matemáticas,70,alto,Lenguaje
EST_040,Lenguaje,88,alto,Lenguaje
EST_040,Artística,60,medio,Lenguaje
EST_040,Sociales,44,medio,Lenguaje
EST_041,Matemáticas,60,medio,Artística
EST_041,Lenguaje,25,bajo,Artística
EST_041,Artística,74,alto,Artística
EST_041,Sociales,56,medio,Artística
EST_042,Matemáticas,44,medio,Sociales
EST_042,Lenguaje,46,medio,Sociales
EST_042,Artística,63,medio,Sociales
EST_042,Sociales,80,alto,Sociales
EST_043,Matemáticas,24,bajo,Lenguaje
EST_043,Lenguaje,80,alto,Lenguaje
EST_043,Artística,45,medio,Lenguaje
EST_043,Sociales,42,medio,Lenguaje
EST_044,Matemáticas,89,alto,Matemáticas
EST_044,Lenguaje,69,medio,Matemáticas
EST_044,Artística,72,alto,Matemáticas
EST_044,Sociales,63,medio,Matemáticas
EST_045,Matemáticas,35,bajo,Artística
EST_045,Lenguaje,18,bajo,Artística
EST_045,Artística,50,medio,Artística
EST_045,Sociales,12,bajo,Artística
EST_046,Matemáticas,12,bajo,Sociales
EST_046,Lenguaje,60,medio,Sociales
EST_046,Artística,62,medio,Sociales
EST_046,Sociales,65,medio,Sociales
EST_047,Matemáticas,30,bajo,Artística
EST_047,Lenguaje,29,bajo,Artística
EST_047,Artística,82,alto,Artística
EST_047,Sociales,47,medio,Artística
EST_048,Matemáticas,30,bajo,Lenguaje
EST_048,Lenguaje,60,medio,Lenguaje
EST_048,Artística,59,medio,Lenguaje
EST_048,Sociales,24,bajo,Lenguaje
EST_049,Matemáticas,84,alto,Artística
EST_049,Lenguaje,58,medio,Artística
EST_049,Artística,87,alto,Artística
EST_049,Sociales,32,bajo,Artística
EST_050,Matemáticas,49,medio,Lenguaje
EST_050,Lenguaje,83,alto,Lenguaje
EST_050,Artística,51,medio,Lenguaje
EST_050,Sociales,10,bajo,Lenguaje
EST_051,Matemáticas,23,bajo,Sociales
EST_051,Lenguaje,71,alto,Sociales
EST_051,Artística,61,medio,Sociales
EST_051,Sociales,85,alto,Sociales
EST_052,Matemáticas,85,alto,Matemáticas
EST_052,Lenguaje,63,medio,Matemáticas
EST_052,Artística,44,medio,Matemáticas
EST_052,Sociales,55,medio,Matemáticas
EST_053,Matemáticas,54,medio,Matemáticas
EST_053,Lenguaje,20,bajo,Matemáticas
EST_053,Artística,53,medio,Matemáticas
EST_053,Sociales,54,medio,Matemáticas
EST_054,Matemáticas,54,medio,Matemáticas
EST_054,Lenguaje,21,bajo,Matemáticas
EST_054,Artística,33,bajo,Matemáticas
EST_054,Sociales,30,bajo,Matemáticas
EST_055,Matemáticas,44,medio,Lenguaje
EST_055,Lenguaje,85,alto,Lenguaje
EST_055,Artística,62,medio,Lenguaje
EST_055,Sociales,21,bajo,Lenguaje
EST_056,Matemáticas,77,alto,Matemáticas
EST_056,Lenguaje,65,medio,Matemáticas
EST_056,Artística,44,medio,Matemáticas
EST_056,Sociales,51,medio,Matemáticas
EST_057,Matemáticas,22,bajo,Lenguaje
EST_057,Lenguaje,81,alto,Lenguaje
EST_057,Artística,78,alto,Lenguaje
EST_057,Sociales,51,medio,Lenguaje
EST_058,Matemáticas,80,alto,Matemáticas
EST_058,Lenguaje,47,medio,Matemáticas
EST_058,Artística,51,medio,Matemáticas
EST_058,Sociales,14,bajo,Matemáticas
EST_059,Matemáticas,74,alto,Artística
EST_059,Lenguaje,53,medio,Artística
EST_059,Artística,76,alto,Artística
EST_059,Sociales,70,alto,Artística
EST_060,Matemáticas,37,bajo,Sociales
EST_060,Lenguaje,10,bajo,Sociales
EST_060,Artística,28,bajo,Sociales
EST_060,Sociales,70,alto,Sociales
EST_061,Matemáticas,47,medio,Artística
EST_061,Lenguaje,51,medio,Artística
EST_061,Artística,86,alto,Artística
EST_061,Sociales,22,bajo,Artística
EST_062,Matemáticas,39,bajo,Lenguaje
EST_062,Lenguaje,75,alto,Lenguaje
EST_062,Artística,20,bajo,Lenguaje
EST_062,Sociales,12,bajo,Lenguaje
EST_063,Matemáticas,27,bajo,Lenguaje
EST_063,Lenguaje,81,alto,Lenguaje
EST_063,Artística,32,bajo,Lenguaje
EST_063,Sociales,67,medio,Lenguaje
EST_064,Matemáticas,70,alto,Lenguaje
EST_064,Lenguaje,79,alto,Lenguaje
EST_064,Artística,22,bajo,Lenguaje
EST_064,Sociales,28,bajo,Lenguaje
EST_065,Matemáticas,89,alto,Matemáticas
EST_065,Lenguaje,79,alto,Matemáticas
EST_065,Artística,75,alto,Matemáticas
EST_065,Sociales,24,bajo,Matemáticas
EST_066,Matemáticas,67,medio,Lenguaje
EST_066,Lenguaje,87,alto,Lenguaje
EST_066,Artística,51,medio,Lenguaje
EST_066,Sociales,72,alto,Lenguaje
EST_067,Matemáticas,73,alto,Lenguaje
EST_067,Lenguaje,77,alto,Lenguaje
EST_067,Artística,65,medio,Lenguaje
EST_067,Sociales,66,medio,Lenguaje
EST_068,Matemáticas,44,medio,Sociales
EST_068,Lenguaje,65,medio,Sociales
EST_068,Artística,31,bajo,Sociales
EST_068,Sociales,79,alto,Sociales
EST_069,Matemáticas,71,alto,Matemáticas
EST_069,Lenguaje,50,medio,Matemáticas
EST_069,Artística,46,medio,Matemáticas
EST_069,Sociales,66,medio,Matemáticas
EST_070,Matemáticas,66,medio,Matemáticas
EST_070,Lenguaje,65,medio,Matemáticas
EST_070,Artística,20,bajo,Matemáticas
EST_070,Sociales,53,medio,Matemáticas
EST_071,Matemáticas,81,alto,Artística
EST_071,Lenguaje,43,medio,Artística
EST_071,Artística,89,alto,Artística
EST_071,Sociales,18,bajo,Artística
EST_072,Matemáticas,19,bajo,Sociales
EST_072,Lenguaje,28,bajo,Sociales
EST_072,Artística,17,bajo,Sociales
EST_072,Sociales,69,medio,Sociales
EST_073,Matemáticas,21,bajo,Artística
EST_073,Lenguaje,49,medio,Artística
EST_073,Artística,79,alto,Artística
EST_073,Sociales,51,medio,Artística
EST_074,Matemáticas,22,bajo,Lenguaje
EST_074,Lenguaje,90,alto,Lenguaje
EST_074,Artística,32,bajo,Lenguaje
EST_074,Sociales,60,medio,Lenguaje
EST_075,Matemáticas,37,bajo,Sociales
EST_075,Lenguaje,74,alto,Sociales
EST_075,Artística,16,bajo,Sociales
EST_075,Sociales,84,alto,Sociales
EST_076,Matemáticas,80,alto,Matemáticas
EST_076,Lenguaje,44,medio,Matemáticas
EST_076,Artística,26,bajo,Matemáticas
EST_076,Sociales,28,bajo,Matemáticas
EST_077,Matemáticas,34,bajo,Sociales
EST_077,Lenguaje,43,medio,Sociales
EST_077,Artística,21,bajo,Sociales
EST_077,Sociales,71,alto,Sociales
EST_078,Matemáticas,26,bajo,Artística
EST_078,Lenguaje,39,bajo,Artística
EST_078,Artística,80,alto,Artística
EST_078,Sociales,46,medio,Artística
EST_079,Matemáticas,49,medio,Artística
EST_079,Lenguaje,43,medio,Artística
EST_079,Artística,90,alto,Artística
EST_079,Sociales,62,medio,Artística
EST_080,Matemáticas,41,medio,Matemáticas
EST_080,Lenguaje,17,bajo,Matemáticas
EST_080,Artística,32,bajo,Matemáticas
EST_080,Sociales,22,bajo,Matemáticas
EST_081,Matemáticas,76,alto,Artística
EST_081,Lenguaje,28,bajo,Artística
EST_081,Artística,88,alto,Artística
EST_081,Sociales,44,medio,Artística
EST_082,Matemáticas,40,medio,Artística
EST_082,Lenguaje,15,bajo,Artística
EST_082,Artística,54,medio,Artística
EST_082,Sociales,11,bajo,Artística
EST_083,Matemáticas,64,medio,Matemáticas
EST_083,Lenguaje,48,medio,Matemáticas
EST_083,Artística,52,medio,Matemáticas
EST_083,Sociales,49,medio,Matemáticas
EST_084,Matemáticas,29,bajo,Lenguaje
EST_084,Lenguaje,37,bajo,Lenguaje
EST_084,Artística,21,bajo,Lenguaje
EST_084,Sociales,20,bajo,Lenguaje
EST_085,Matemáticas,40,medio,Lenguaje
EST_085,Lenguaje,70,alto,Lenguaje
EST_085,Artística,41,medio,Lenguaje
EST_085,Sociales,51,medio,Lenguaje
EST_086,Matemáticas,27,bajo,Sociales
EST_086,Lenguaje,57,medio,Sociales
EST_086,Artística,11,bajo,Sociales
EST_086,Sociales,65,medio,Sociales
EST_087,Matemáticas,52,medio,Sociales
EST_087,Lenguaje,45,medio,Sociales
EST_087,Artística,28,bajo,Sociales
EST_087,Sociales,79,alto,Sociales
EST_088,Matemáticas,66,medio,Sociales
EST_088,Lenguaje,21,bajo,Sociales
EST_088,Artística,11,bajo,Sociales
EST_088,Sociales,76,alto,Sociales
EST_089,Matemáticas,50,medio,Matemáticas
EST_089,Lenguaje,10,bajo,Matemáticas
EST_089,Artística,12,bajo,Matemáticas
EST_089,Sociales,12,bajo,Matemáticas
EST_090,Matemáticas,87,alto,Matemáticas
EST_090,Lenguaje,44,medio,Matemáticas
EST_090,Artística,55,medio,Matemáticas
EST_090,Sociales,17,bajo,Matemáticas
EST_091,Matemáticas,35,bajo,Artística
EST_091,Lenguaje,45,medio,Artística
EST_091,Artística,57,medio,Artística
EST_091,Sociales,12,bajo,Artística
EST_092,Matemáticas,88,alto,Matemáticas
EST_092,Lenguaje,40,medio,Matemáticas
EST_092,Artística,49,medio,Matemáticas
EST_092,Sociales,48,medio,Matemáticas
EST_093,Matemáticas,80,alto,Matemáticas
EST_093,Lenguaje,20,bajo,Matemáticas
EST_093,Artística,55,medio,Matemáticas
EST_093,Sociales,17,bajo,Matemáticas
EST_094,Matemáticas,62,medio,Lenguaje
EST_094,Lenguaje,67,medio,Lenguaje
EST_094,Artística,55,medio,Lenguaje
EST_094,Sociales,48,medio,Lenguaje
EST_095,Matemáticas,11,bajo,Artística
EST_095,Lenguaje,23,bajo,Artística
EST_095,Artística,57,medio,Artística
EST_095,Sociales,18,bajo,Artística
EST_096,Matemáticas,78,alto,Sociales
EST_096,Lenguaje,82,alto,Sociales
EST_096,Artística,39,bajo,Sociales
EST_096,Sociales,85,alto,Sociales
EST_097,Matemáticas,82,alto,Matemáticas
EST_097,Lenguaje,46,medio,Matemáticas
EST_097,Artística,50,medio,Matemáticas
EST_097,Sociales,21,bajo,Matemáticas
EST_098,Matemáticas,24,bajo,Artística
EST_098,Lenguaje,20,bajo,Artística
EST_098,Artística,79,alto,Artística
EST_098,Sociales,61,medio,Artística
EST_099,Matemáticas,34,bajo,Sociales
EST_099,Lenguaje,40,medio,Sociales
EST_099,Artística,60,medio,Sociales
EST_099,Sociales,70,alto,Sociales
EST_100,Matemáticas,47,medio,Lenguaje
EST_100,Lenguaje,78,alto,Lenguaje
EST_100,Artística,37,bajo,Lenguaje
EST_100,Sociales,67,medio,Lenguaje
EST_101,Matemáticas,90,alto,Matemáticas
EST_101,Lenguaje,28,bajo,Matemáticas
EST_101,Artística,27,bajo,Matemáticas
EST_101,Sociales,22,bajo,Matemáticas
EST_102,Matemáticas,22,bajo,Lenguaje
EST_102,Lenguaje,73,alto,Lenguaje
EST_102,Artística,10,bajo,Lenguaje
EST_102,Sociales,27,bajo,Lenguaje
EST_103,Matemáticas,60,medio,Matemáticas
EST_103,Lenguaje,18,bajo,Matemáticas
EST_103,Artística,10,bajo,Matemáticas
EST_103,Sociales,37,bajo,Matemáticas
EST_104,Matemáticas,45,medio,Artística
EST_104,Lenguaje,19,bajo,Artística
EST_104,Artística,88,alto,Artística
EST_104,Sociales,84,alto,Artística
EST_105,Matemáticas,19,bajo,Artística
EST_105,Lenguaje,78,alto,Artística
EST_105,Artística,89,alto,Artística
EST_105,Sociales,56,medio,Artística
EST_106,Matemáticas,76,alto,Matemáticas
EST_106,Lenguaje,75,alto,Matemáticas
EST_106,Artística,71,alto,Matemáticas
EST_106,Sociales,28,bajo,Matemáticas
EST_107,Matemáticas,65,medio,Lenguaje
EST_107,Lenguaje,88,alto,Lenguaje
EST_107,Artística,39,bajo,Lenguaje
EST_107,Sociales,25,bajo,Lenguaje
EST_108,Matemáticas,22,bajo,Sociales
EST_108,Lenguaje,46,medio,Sociales
EST_108,Artística,62,medio,Sociales
EST_108,Sociales,70,alto,Sociales
EST_109,Matemáticas,18,bajo,Lenguaje
EST_109,Lenguaje,82,alto,Lenguaje
EST_109,Artística,46,medio,Lenguaje
EST_109,Sociales,53,medio,Lenguaje
EST_110,Matemáticas,79,alto,Artística
EST_110,Lenguaje,30,bajo,Artística
EST_110,Artística,90,alto,Artística
EST_110,Sociales,86,alto,Artística
EST_111,Matemáticas,28,bajo,Sociales
EST_111,Lenguaje,23,bajo,Sociales
EST_111,Artística,55,medio,Sociales
EST_111,Sociales,62,medio,Sociales
EST_112,Matemáticas,76,alto,Matemáticas
EST_112,Lenguaje,57,medio,Matemáticas
EST_112,Artística,13,bajo,Matemáticas
EST_112,Sociales,32,bajo,Matemáticas
EST_113,Matemáticas,49,medio,Lenguaje
EST_113,Lenguaje,69,medio,Lenguaje
EST_113,Artística,69,medio,Lenguaje
EST_113,Sociales,14,bajo,Lenguaje
EST_114,Matemáticas,66,medio,Lenguaje
EST_114,Lenguaje,80,alto,Lenguaje
EST_114,Artística,26,bajo,Lenguaje
EST_114,Sociales,41,medio,Lenguaje
EST_115,Matemáticas,46,medio,Sociales
EST_115,Lenguaje,42,medio,Sociales
EST_115,Artística,61,medio,Sociales
EST_115,Sociales,65,medio,Sociales
EST_116,Matemáticas,53,medio,Lenguaje
EST_116,Lenguaje,79,alto,Lenguaje
EST_116,Artística,12,bajo,Lenguaje
EST_116,Sociales,69,medio,Lenguaje
EST_117,Matemáticas,29,bajo,Lenguaje
EST_117,Lenguaje,71,alto,Lenguaje
EST_117,Artística,36,bajo,Lenguaje
EST_117,Sociales,57,medio,Lenguaje
EST_118,Matemáticas,71,alto,Lenguaje
EST_118,Lenguaje,80,alto,Lenguaje
EST_118,Artística,30,bajo,Lenguaje
EST_118,Sociales,40,medio,Lenguaje
EST_119,Matemáticas,32,bajo,Sociales
EST_119,Lenguaje,43,medio,Sociales
EST_119,Artística,61,medio,Sociales
EST_119,Sociales,72,alto,Sociales
EST_120,Matemáticas,90,alto,Matemáticas
EST_120,Lenguaje,76,alto,Matemáticas
EST_120,Artística,40,medio,Matemáticas
EST_120,Sociales,39,bajo,Matemáticas
EST_121,Matemáticas,13,bajo,Lenguaje
EST_121,Lenguaje,88,alto,Lenguaje
EST_121,Artística,22,bajo,Lenguaje
EST_121,Sociales,36,bajo,Lenguaje
EST_122,Matemáticas,57,medio,Artística
EST_122,Lenguaje,21,bajo,Artística
EST_122,Artística,84,alto,Artística
EST_122,Sociales,37,bajo,Artística
EST_123,Matemáticas,36,bajo,Artística
EST_123,Lenguaje,17,bajo,Artística
EST_123,Artística,87,alto,Artística
EST_123,Sociales,68,medio,Artística
EST_124,Matemáticas,66,medio,Artística
EST_124,Lenguaje,26,bajo,Artística
EST_124,Artística,72,alto,Artística
EST_124,Sociales,58,medio,Artística
EST_125,Matemáticas,88,alto,Artística
EST_125,Lenguaje,56,medio,Artística
EST_125,Artística,89,alto,Artística
EST_125,Sociales,61,medio,Artística
EST_126,Matemáticas,38,bajo,Artística
EST_126,Lenguaje,46,medio,Artística
EST_126,Artística,74,alto,Artística
EST_126,Sociales,17,bajo,Artística
EST_127,Matemáticas,11,bajo,Sociales
EST_127,Lenguaje,40,medio,Sociales
EST_127,Artística,78,alto,Sociales
EST_127,Sociales,83,alto,Sociales
EST_128,Matemáticas,56,medio,Sociales
EST_128,Lenguaje,32,bajo,Sociales
EST_128,Artística,11,bajo,Sociales
EST_128,Sociales,73,alto,Sociales
EST_129,Matemáticas,62,medio,Artística
EST_129,Lenguaje,26,bajo,Artística
EST_129,Artística,66,medio,Artística
EST_129,Sociales,12,bajo,Artística
EST_130,Matemáticas,15,bajo,Artística
EST_130,Lenguaje,72,alto,Artística
EST_130,Artística,90,alto,Artística
EST_130,Sociales,89,alto,Artística
EST_131,Matemáticas,66,medio,Artística
EST_131,Lenguaje,19,bajo,Artística
EST_131,Artística,89,alto,Artística
EST_131,Sociales,30,bajo,Artística
EST_132,Matemáticas,75,alto,Sociales
EST_132,Lenguaje,56,medio,Sociales
EST_132,Artística,73,alto,Sociales
EST_132,Sociales,90,alto,Sociales
EST_133,Matemáticas,33,bajo,Sociales
EST_133,Lenguaje,65,medio,Sociales
EST_133,Artística,56,medio,Sociales
EST_133,Sociales,88,alto,Sociales
EST_134,Matemáticas,30,bajo,Sociales
EST_134,Lenguaje,56,medio,Sociales
EST_134,Artística,70,alto,Sociales
EST_134,Sociales,85,alto,Sociales
EST_135,Matemáticas,58,medio,Lenguaje
EST_135,Lenguaje,85,alto,Lenguaje
EST_135,Artística,30,bajo,Lenguaje
EST_135,Sociales,59,medio,Lenguaje
EST_136,Matemáticas,18,bajo,Artística
EST_136,Lenguaje,10,bajo,Artística
EST_136,Artística,83,alto,Artística
EST_136,Sociales,64,medio,Artística
EST_137,Matemáticas,16,bajo,Sociales
EST_137,Lenguaje,41,medio,Sociales
EST_137,Artística,68,medio,Sociales
EST_137,Sociales,72,alto,Sociales
EST_138,Matemáticas,48,medio,Artística
EST_138,Lenguaje,48,medio,Artística
EST_138,Artística,85,alto,Artística
EST_138,Sociales,27,bajo,Artística
EST_139,Matemáticas,11,bajo,Sociales
EST_139,Lenguaje,33,bajo,Sociales
EST_139,Artística,31,bajo,Sociales
EST_139,Sociales,58,medio,Sociales
EST_140,Matemáticas,38,bajo,Sociales
EST_140,Lenguaje,21,bajo,Sociales
EST_140,Artística,66,medio,Sociales
EST_140,Sociales,77,alto,Sociales
EST_141,Matemáticas,60,medio,Lenguaje
EST_141,Lenguaje,63,medio,Lenguaje
EST_141,Artística,25,bajo,Lenguaje
EST_141,Sociales,47,medio,Lenguaje
EST_142,Matemáticas,16,bajo,Artística
EST_142,Lenguaje,33,bajo,Artística
EST_142,Artística,81,alto,Artística
EST_142,Sociales,23,bajo,Artística
EST_143,Matemáticas,81,alto,Matemáticas
EST_143,Lenguaje,32,bajo,Matemáticas
EST_143,Artística,19,bajo,Matemáticas
EST_143,Sociales,80,alto,Matemáticas
EST_144,Matemáticas,83,alto,Matemáticas
EST_144,Lenguaje,64,medio,Matemáticas
EST_144,Artística,23,bajo,Matemáticas
EST_144,Sociales,25,bajo,Matemáticas
EST_145,Matemáticas,15,bajo,Lenguaje
EST_145,Lenguaje,81,alto,Lenguaje
EST_145,Artística,31,bajo,Lenguaje
EST_145,Sociales,33,bajo,Lenguaje
EST_146,Matemáticas,88,alto,Matemáticas
EST_146,Lenguaje,46,medio,Matemáticas
EST_146,Artística,48,medio,Matemáticas
EST_146,Sociales,15,bajo,Matemáticas
EST_147,Matemáticas,10,bajo,Lenguaje
EST_147,Lenguaje,76,alto,Lenguaje
EST_147,Artística,35,bajo,Lenguaje
EST_147,Sociales,13,bajo,Lenguaje
EST_148,Matemáticas,42,medio,Artística
EST_148,Lenguaje,22,bajo,Artística
EST_148,Artística,87,alto,Artística
EST_148,Sociales,41,medio,Artística
EST_149,Matemáticas,10,bajo,Artística
EST_149,Lenguaje,55,medio,Artística
EST_149,Artística,89,alto,Artística
EST_149,Sociales,58,medio,Artística
EST_150,Matemáticas,23,bajo,Lenguaje
EST_150,Lenguaje,74,alto,Lenguaje
EST_150,Artística,32,bajo,Lenguaje
EST_150,Sociales,63,medio,Lenguaje
EST_151,Matemáticas,16,bajo,Artística
EST_151,Lenguaje,53,medio,Artística
EST_151,Artística,79,alto,Artística
EST_151,Sociales,60,medio,Artística
EST_152,Matemáticas,72,alto,Matemáticas
EST_152,Lenguaje,36,bajo,Matemáticas
EST_152,Artística,34,bajo,Matemáticas
EST_152,Sociales,16,bajo,Matemáticas
EST_153,Matemáticas,22,bajo,Artística
EST_153,Lenguaje,52,medio,Artística
EST_153,Artística,77,alto,Artística
EST_153,Sociales,55,medio,Artística
EST_154,Matemáticas,59,medio,Artística
EST_154,Lenguaje,24,bajo,Artística
EST_154,Artística,71,alto,Artística
EST_154,Sociales,32,bajo,Artística
EST_155,Matemáticas,14,bajo,Sociales
EST_155,Lenguaje,41,medio,Sociales
EST_155,Artística,45,medio,Sociales
EST_155,Sociales,89,alto,Sociales
EST_156,Matemáticas,89,alto,Matemáticas
EST_156,Lenguaje,88,alto,Matemáticas
EST_156,Artística,39,bajo,Matemáticas
EST_156,Sociales,57,medio,Matemáticas
EST_157,Matemáticas,52,medio,Sociales
EST_157,Lenguaje,42,medio,Sociales
EST_157,Artística,49,medio,Sociales
EST_157,Sociales,70,alto,Sociales
EST_158,Matemáticas,57,medio,Lenguaje
EST_158,Lenguaje,74,alto,Lenguaje
EST_158,Artística,11,bajo,Lenguaje
EST_158,Sociales,20,bajo,Lenguaje
EST_159,Matemáticas,63,medio,Matemáticas
EST_159,Lenguaje,28,bajo,Matemáticas
EST_159,Artística,22,bajo,Matemáticas
EST_159,Sociales,32,bajo,Matemáticas
EST_160,Matemáticas,34,bajo,Lenguaje
EST_160,Lenguaje,89,alto,Lenguaje
EST_160,Artística,46,medio,Lenguaje
EST_160,Sociales,71,alto,Lenguaje
EST_161,Matemáticas,29,bajo,Lenguaje
EST_161,Lenguaje,77,alto,Lenguaje
EST_161,Artística,44,medio,Lenguaje
EST_161,Sociales,38,bajo,Lenguaje
EST_162,Matemáticas,60,medio,Sociales
EST_162,Lenguaje,69,medio,Sociales
EST_162,Artística,64,medio,Sociales
EST_162,Sociales,83,alto,Sociales
EST_163,Matemáticas,77,alto,Matemáticas
EST_163,Lenguaje,27,bajo,Matemáticas
EST_163,Artística,68,medio,Matemáticas
EST_163,Sociales,55,medio,Matemáticas
EST_164,Matemáticas,68,medio,Matemáticas
EST_164,Lenguaje,63,medio,Matemáticas
EST_164,Artística,43,medio,Matemáticas
EST_164,Sociales,53,medio,Matemáticas
EST_165,Matemáticas,56,medio,Artística
EST_165,Lenguaje,15,bajo,Artística
EST_165,Artística,74,alto,Artística
EST_165,Sociales,50,medio,Artística
EST_166,Matemáticas,46,medio,Sociales
EST_166,Lenguaje,62,medio,Sociales
EST_166,Artística,42,medio,Sociales
EST_166,Sociales,83,alto,Sociales
EST_167,Matemáticas,45,medio,Artística
EST_167,Lenguaje,70,alto,Artística
EST_167,Artística,85,alto,Artística
EST_167,Sociales,62,medio,Artística
EST_168,Matemáticas,41,medio,Sociales
EST_168,Lenguaje,36,bajo,Sociales
EST_168,Artística,18,bajo,Sociales
EST_168,Sociales,63,medio,Sociales
EST_169,Matemáticas,17,bajo,Sociales
EST_169,Lenguaje,18,bajo,Sociales
EST_169,Artística,75,alto,Sociales
EST_169,Sociales,89,alto,Sociales
EST_170,Matemáticas,26,bajo,Artística
EST_170,Lenguaje,17,bajo,Artística
EST_170,Artística,82,alto,Artística
EST_170,Sociales,16,bajo,Artística
EST_171,Matemáticas,10,bajo,Artística
EST_171,Lenguaje,80,alto,Artística
EST_171,Artística,89,alto,Artística
EST_171,Sociales,31,bajo,Artística
EST_172,Matemáticas,56,medio,Artística
EST_172,Lenguaje,21,bajo,Artística
EST_172,Artística,63,medio,Artística
EST_172,Sociales,35,bajo,Artística
EST_173,Matemáticas,80,alto,Matemáticas
EST_173,Lenguaje,14,bajo,Matemáticas
EST_173,Artística,14,bajo,Matemáticas
EST_173,Sociales,22,bajo,Matemáticas
EST_174,Matemáticas,36,bajo,Sociales
EST_174,Lenguaje,69,medio,Sociales
EST_174,Artística,25,bajo,Sociales
EST_174,Sociales,77,alto,Sociales
EST_175,Matemáticas,33,bajo,Sociales
EST_175,Lenguaje,84,alto,Sociales
EST_175,Artística,80,alto,Sociales
EST_175,Sociales,86,alto,Sociales
EST_176,Matemáticas,54,medio,Artística
EST_176,Lenguaje,52,medio,Artística
EST_176,Artística,76,alto,Artística
EST_176,Sociales,14,bajo,Artística
EST_177,Matemáticas,73,alto,Matemáticas
EST_177,Lenguaje,26,bajo,Matemáticas
EST_177,Artística,14,bajo,Matemáticas
EST_177,Sociales,39,bajo,Matemáticas
EST_178,Matemáticas,79,alto,Artística
EST_178,Lenguaje,74,alto,Artística
EST_178,Artística,86,alto,Artística
EST_178,Sociales,82,alto,Artística
EST_179,Matemáticas,30,bajo,Sociales
EST_179,Lenguaje,72,alto,Sociales
EST_179,Artística,46,medio,Sociales
EST_179,Sociales,75,alto,Sociales
EST_180,Matemáticas,59,medio,Artística
EST_180,Lenguaje,10,bajo,Artística
EST_180,Artística,79,alto,Artística
EST_180,Sociales,29,bajo,Artística
EST_181,Matemáticas,46,medio,Lenguaje
EST_181,Lenguaje,64,medio,Lenguaje
EST_181,Artística,18,bajo,Lenguaje
EST_181,Sociales,44,medio,Lenguaje
EST_182,Matemáticas,58,medio,Sociales
EST_182,Lenguaje,70,alto,Sociales
EST_182,Artística,55,medio,Sociales
EST_182,Sociales,76,alto,Sociales
EST_183,Matemáticas,82,alto,Artística
EST_183,Lenguaje,39,bajo,Artística
EST_183,Artística,83,alto,Artística
EST_183,Sociales,38,bajo,Artística
EST_184,Matemáticas,43,medio,Sociales
EST_184,Lenguaje,22,bajo,Sociales
EST_184,Artística,42,medio,Sociales
EST_184,Sociales,57,medio,Sociales
EST_185,Matemáticas,42,medio,Sociales
EST_185,Lenguaje,29,bajo,Sociales
EST_185,Artística,15,bajo,Sociales
EST_185,Sociales,45,medio,Sociales
EST_186,Matemáticas,42,medio,Artística
EST_186,Lenguaje,43,medio,Artística
EST_186,Artística,63,medio,Artística
EST_186,Sociales,13,bajo,Artística
EST_187,Matemáticas,53,medio,Artística
EST_187,Lenguaje,57,medio,Artística
EST_187,Artística,82,alto,Artística
EST_187,Sociales,35,bajo,Artística
EST_188,Matemáticas,86,alto,Lenguaje
EST_188,Lenguaje,90,alto,Lenguaje
EST_188,Artística,80,alto,Lenguaje
EST_188,Sociales,86,alto,Lenguaje
EST_189,Matemáticas,70,alto,Matemáticas
EST_189,Lenguaje,70,alto,Matemáticas
EST_189,Artística,63,medio,Matemáticas
EST_189,Sociales,37,bajo,Matemáticas
EST_190,Matemáticas,64,medio,Artística
EST_190,Lenguaje,30,bajo,Artística
EST_190,Artística,78,alto,Artística
EST_190,Sociales,41,medio,Artística
EST_191,Matemáticas,25,bajo,Artística
EST_191,Lenguaje,34,bajo,Artística
EST_191,Artística,71,alto,Artística
EST_191,Sociales,45,medio,Artística
EST_192,Matemáticas,82,alto,Matemáticas
EST_192,Lenguaje,19,bajo,Matemáticas
EST_192,Artística,56,medio,Matemáticas
EST_192,Sociales,71,alto,Matemáticas
EST_193,Matemáticas,69,medio,Matemáticas
EST_193,Lenguaje,28,bajo,Matemáticas
EST_193,Artística,62,medio,Matemáticas
EST_193,Sociales,50,medio,Matemáticas
EST_194,Matemáticas,87,alto,Lenguaje
EST_194,Lenguaje,89,alto,Lenguaje
EST_194,Artística,77,alto,Lenguaje
EST_194,Sociales,61,medio,Lenguaje
EST_195,Matemáticas,17,bajo,Sociales
EST_195,Lenguaje,42,medio,Sociales
EST_195,Artística,50,medio,Sociales
EST_195,Sociales,57,medio,Sociales
EST_196,Matemáticas,78,alto,Matemáticas
EST_196,Lenguaje,59,medio,Matemáticas
EST_196,Artística,60,medio,Matemáticas
EST_196,Sociales,28,bajo,Matemáticas
EST_197,Matemáticas,23,bajo,Lenguaje
EST_197,Lenguaje,85,alto,Lenguaje
EST_197,Artística,73,alto,Lenguaje
EST_197,Sociales,48,medio,Lenguaje
EST_198,Matemáticas,60,medio,Lenguaje
EST_198,Lenguaje,79,alto,Lenguaje
EST_198,Artística,64,medio,Lenguaje
EST_198,Sociales,66,medio,Lenguaje
EST_199,Matemáticas,85,alto,Matemáticas
EST_199,Lenguaje,62,medio,Matemáticas
EST_199,Artística,50,medio,Matemáticas
EST_199,Sociales,61,medio,Matemáticas
EST_200,Matemáticas,20,bajo,Artística
EST_200,Lenguaje,42,medio,Artística
EST_200,Artística,81,alto,Artística
EST_200,Sociales,36,bajo,Artística
EST_201,Matemáticas,85,alto,Matemáticas
EST_201,Lenguaje,61,medio,Matemáticas
EST_201,Artística,40,medio,Matemáticas
EST_201,Sociales,30,bajo,Matemáticas
EST_202,Matemáticas,36,bajo,Artística
EST_202,Lenguaje,12,bajo,Artística
EST_202,Artística,73,alto,Artística
EST_202,Sociales,26,bajo,Artística
EST_203,Matemáticas,20,bajo,Sociales
EST_203,Lenguaje,30,bajo,Sociales
EST_203,Artística,27,bajo,Sociales
EST_203,Sociales,49,medio,Sociales
EST_204,Matemáticas,70,alto,Artística
EST_204,Lenguaje,31,bajo,Artística
EST_204,Artística,76,alto,Artística
EST_204,Sociales,58,medio,Artística
EST_205,Matemáticas,60,medio,Artística
EST_205,Lenguaje,52,medio,Artística
EST_205,Artística,79,alto,Artística
EST_205,Sociales,71,alto,Artística
EST_206,Matemáticas,10,bajo,Lenguaje
EST_206,Lenguaje,86,alto,Lenguaje
EST_206,Artística,43,medio,Lenguaje
EST_206,Sociales,52,medio,Lenguaje
EST_207,Matemáticas,76,alto,Matemáticas
EST_207,Lenguaje,10,bajo,Matemáticas
EST_207,Artística,32,bajo,Matemáticas
EST_207,Sociales,47,medio,Matemáticas
EST_208,Matemáticas,11,bajo,Artística
EST_208,Lenguaje,49,medio,Artística
EST_208,Artística,69,medio,Artística
EST_208,Sociales,37,bajo,Artística
EST_209,Matemáticas,24,bajo,Sociales
EST_209,Lenguaje,47,medio,Sociales
EST_209,Artística,44,medio,Sociales
EST_209,Sociales,79,alto,Sociales
EST_210,Matemáticas,46,medio,Artística
EST_210,Lenguaje,48,medio,Artística
EST_210,Artística,75,alto,Artística
EST_210,Sociales,73,alto,Artística
EST_211,Matemáticas,90,alto,Matemáticas
EST_211,Lenguaje,26,bajo,Matemáticas
EST_211,Artística,78,alto,Matemáticas
EST_211,Sociales,21,bajo,Matemáticas
EST_212,Matemáticas,38,bajo,Matemáticas
EST_212,Lenguaje,25,bajo,Matemáticas
EST_212,Artística,23,bajo,Matemáticas
EST_212,Sociales,31,bajo,Matemáticas
EST_213,Matemáticas,75,alto,Sociales
EST_213,Lenguaje,54,medio,Sociales
EST_213,Artística,20,bajo,Sociales
EST_213,Sociales,81,alto,Sociales
EST_214,Matemáticas,69,medio,Artística
EST_214,Lenguaje,23,bajo,Artística
EST_214,Artística,78,alto,Artística
EST_214,Sociales,22,bajo,Artística
EST_215,Matemáticas,61,medio,Artística
EST_215,Lenguaje,47,medio,Artística
EST_215,Artística,88,alto,Artística
EST_215,Sociales,36,bajo,Artística
EST_216,Matemáticas,45,medio,Artística
EST_216,Lenguaje,55,medio,Artística
EST_216,Artística,82,alto,Artística
EST_216,Sociales,18,bajo,Artística
EST_217,Matemáticas,18,bajo,Sociales
EST_217,Lenguaje,25,bajo,Sociales
EST_217,Artística,20,bajo,Sociales
EST_217,Sociales,73,alto,Sociales
EST_218,Matemáticas,46,medio,Artística
EST_218,Lenguaje,60,medio,Artística
EST_218,Artística,67,medio,Artística
EST_218,Sociales,21,bajo,Artística
EST_219,Matemáticas,16,bajo,Lenguaje
EST_219,Lenguaje,87,alto,Lenguaje
EST_219,Artística,53,medio,Lenguaje
EST_219,Sociales,49,medio,Lenguaje
EST_220,Matemáticas,58,medio,Lenguaje
EST_220,Lenguaje,65,medio,Lenguaje
EST_220,Artística,31,bajo,Lenguaje
EST_220,Sociales,47,medio,Lenguaje
EST_221,Matemáticas,29,bajo,Lenguaje
EST_221,Lenguaje,49,medio,Lenguaje
EST_221,Artística,48,medio,Lenguaje
EST_221,Sociales,27,bajo,Lenguaje
EST_222,Matemáticas,83,alto,Lenguaje
EST_222,Lenguaje,87,alto,Lenguaje
EST_222,Artística,39,bajo,Lenguaje
EST_222,Sociales,51,medio,Lenguaje
EST_223,Matemáticas,76,alto,Matemáticas
EST_223,Lenguaje,49,medio,Matemáticas
EST_223,Artística,67,medio,Matemáticas
EST_223,Sociales,12,bajo,Matemáticas
EST_224,Matemáticas,74,alto,Sociales
EST_224,Lenguaje,10,bajo,Sociales
EST_224,Artística,16,bajo,Sociales
EST_224,Sociales,82,alto,Sociales
EST_225,Matemáticas,52,medio,Sociales
EST_225,Lenguaje,53,medio,Sociales
EST_225,Artística,25,bajo,Sociales
EST_225,Sociales,84,alto,Sociales
EST_226,Matemáticas,84,alto,Matemáticas
EST_226,Lenguaje,26,bajo,Matemáticas
EST_226,Artística,47,medio,Matemáticas
EST_226,Sociales,79,alto,Matemáticas
EST_227,Matemáticas,52,medio,Lenguaje
EST_227,Lenguaje,81,alto,Lenguaje
EST_227,Artística,33,bajo,Lenguaje
EST_227,Sociales,28,bajo,Lenguaje
EST_228,Matemáticas,31,bajo,Lenguaje
EST_228,Lenguaje,61,medio,Lenguaje
EST_228,Artística,22,bajo,Lenguaje
EST_228,Sociales,26,bajo,Lenguaje
EST_229,Matemáticas,49,medio,Lenguaje
EST_229,Lenguaje,82,alto,Lenguaje
EST_229,Artística,54,medio,Lenguaje
EST_229,Sociales,78,alto,Lenguaje
EST_230,Matemáticas,19,bajo,Lenguaje
EST_230,Lenguaje,83,alto,Lenguaje
EST_230,Artística,15,bajo,Lenguaje
EST_230,Sociales,52,medio,Lenguaje
EST_231,Matemáticas,29,bajo,Lenguaje
EST_231,Lenguaje,70,alto,Lenguaje
EST_231,Artística,59,medio,Lenguaje
EST_231,Sociales,54,medio,Lenguaje
EST_232,Matemáticas,55,medio,Artística
EST_232,Lenguaje,18,bajo,Artística
EST_232,Artística,81,alto,Artística
EST_232,Sociales,14,bajo,Artística
EST_233,Matemáticas,32,bajo,Sociales
EST_233,Lenguaje,28,bajo,Sociales
EST_233,Artística,39,bajo,Sociales
EST_233,Sociales,73,alto,Sociales
EST_234,Matemáticas,53,medio,Artística
EST_234,Lenguaje,41,medio,Artística
EST_234,Artística,78,alto,Artística
EST_234,Sociales,60,medio,Artística
EST_235,Matemáticas,28,bajo,Sociales
EST_235,Lenguaje,59,medio,Sociales
EST_235,Artística,11,bajo,Sociales
EST_235,Sociales,61,medio,Sociales
EST_236,Matemáticas,71,alto,Artística
EST_236,Lenguaje,23,bajo,Artística
EST_236,Artística,79,alto,Artística
EST_236,Sociales,29,bajo,Artística
EST_237,Matemáticas,81,alto,Artística
EST_237,Lenguaje,81,alto,Artística
EST_237,Artística,90,alto,Artística
EST_237,Sociales,88,alto,Artística
EST_238,Matemáticas,66,medio,Sociales
EST_238,Lenguaje,23,bajo,Sociales
EST_238,Artística,25,bajo,Sociales
EST_238,Sociales,85,alto,Sociales
EST_239,Matemáticas,56,medio,Lenguaje
EST_239,Lenguaje,67,medio,Lenguaje
EST_239,Artística,21,bajo,Lenguaje
EST_239,Sociales,63,medio,Lenguaje
EST_240,Matemáticas,31,bajo,Lenguaje
EST_240,Lenguaje,73,alto,Lenguaje
EST_240,Artística,19,bajo,Lenguaje
EST_240,Sociales,73,alto,Lenguaje
EST_241,Matemáticas,17,bajo,Sociales
EST_241,Lenguaje,55,medio,Sociales
EST_241,Artística,29,bajo,Sociales
EST_241,Sociales,56,medio,Sociales
EST_242,Matemáticas,16,bajo,Lenguaje
EST_242,Lenguaje,83,alto,Lenguaje
EST_242,Artística,41,medio,Lenguaje
EST_242,Sociales,64,medio,Lenguaje
EST_243,Matemáticas,75,alto,Matemáticas
EST_243,Lenguaje,14,bajo,Matemáticas
EST_243,Artística,68,medio,Matemáticas
EST_243,Sociales,55,medio,Matemáticas
EST_244,Matemáticas,83,alto,Matemáticas
EST_244,Lenguaje,33,bajo,Matemáticas
EST_244,Artística,77,alto,Matemáticas
EST_244,Sociales,49,medio,Matemáticas
EST_245,Matemáticas,30,bajo,Lenguaje
EST_245,Lenguaje,68,medio,Lenguaje
EST_245,Artística,31,bajo,Lenguaje
EST_245,Sociales,28,bajo,Lenguaje
EST_246,Matemáticas,59,medio,Sociales
EST_246,Lenguaje,26,bajo,Sociales
EST_246,Artística,48,medio,Sociales
EST_246,Sociales,85,alto,Sociales
EST_247,Matemáticas,21,bajo,Artística
EST_247,Lenguaje,13,bajo,Artística
EST_247,Artística,59,medio,Artística
EST_247,Sociales,14,bajo,Artística
EST_248,Matemáticas,29,bajo,Artística
EST_248,Lenguaje,29,bajo,Artística
EST_248,Artística,76,alto,Artística
EST_248,Sociales,64,medio,Artística
EST_249,Matemáticas,72,alto,Sociales
EST_249,Lenguaje,62,medio,Sociales
EST_249,Artística,41,medio,Sociales
EST_249,Sociales,76,alto,Sociales
EST_250,Matemáticas,37,bajo,Artística
EST_250,Lenguaje,60,medio,Artística
EST_250,Artística,83,alto,Artística
EST_250,Sociales,47,medio,Artística
EST_251,Matemáticas,32,bajo,Lenguaje
EST_251,Lenguaje,85,alto,Lenguaje
EST_251,Artística,59,medio,Lenguaje
EST_251,Sociales,28,bajo,Lenguaje
EST_252,Matemáticas,13,bajo,Artística
EST_252,Lenguaje,34,bajo,Artística
EST_252,Artística,43,medio,Artística
EST_252,Sociales,37,bajo,Artística
EST_253,Matemáticas,29,bajo,Artística
EST_253,Lenguaje,18,bajo,Artística
EST_253,Artística,88,alto,Artística
EST_253,Sociales,67,medio,Artística
EST_254,Matemáticas,54,medio,Sociales
EST_254,Lenguaje,58,medio,Sociales
EST_254,Artística,24,bajo,Sociales
EST_254,Sociales,70,alto,Sociales
EST_255,Matemáticas,50,medio,Artística
EST_255,Lenguaje,11,bajo,Artística
EST_255,Artística,64,medio,Artística
EST_255,Sociales,30,bajo,Artística
EST_256,Matemáticas,53,medio,Sociales
EST_256,Lenguaje,60,medio,Sociales
EST_256,Artística,16,bajo,Sociales
EST_256,Sociales,84,alto,Sociales
EST_257,Matemáticas,18,bajo,Sociales
EST_257,Lenguaje,10,bajo,Sociales
EST_257,Artística,60,medio,Sociales
EST_257,Sociales,90,alto,Sociales
EST_258,Matemáticas,68,medio,Sociales
EST_258,Lenguaje,79,alto,Sociales
EST_258,Artística,29,bajo,Sociales
EST_258,Sociales,87,alto,Sociales
EST_259,Matemáticas,50,medio,Lenguaje
EST_259,Lenguaje,72,alto,Lenguaje
EST_259,Artística,29,bajo,Lenguaje
EST_259,Sociales,24,bajo,Lenguaje
EST_260,Matemáticas,53,medio,Artística
EST_260,Lenguaje,36,bajo,Artística
EST_260,Artística,60,medio,Artística
EST_260,Sociales,10,bajo,Artística
EST_261,Matemáticas,42,medio,Lenguaje
EST_261,Lenguaje,81,alto,Lenguaje
EST_261,Artística,24,bajo,Lenguaje
EST_261,Sociales,73,alto,Lenguaje
EST_262,Matemáticas,28,bajo,Artística
EST_262,Lenguaje,59,medio,Artística
EST_262,Artística,82,alto,Artística
EST_262,Sociales,41,medio,Artística
EST_263,Matemáticas,51,medio,Sociales
EST_263,Lenguaje,31,bajo,Sociales
EST_263,Artística,49,medio,Sociales
EST_263,Sociales,76,alto,Sociales
EST_264,Matemáticas,48,medio,Sociales
EST_264,Lenguaje,20,bajo,Sociales
EST_264,Artística,54,medio,Sociales
EST_264,Sociales,73,alto,Sociales
EST_265,Matemáticas,24,bajo,Sociales
EST_265,Lenguaje,23,bajo,Sociales
EST_265,Artística,14,bajo,Sociales
EST_265,Sociales,32,bajo,Sociales
EST_266,Matemáticas,52,medio,Lenguaje
EST_266,Lenguaje,63,medio,Lenguaje
EST_266,Artística,23,bajo,Lenguaje
EST_266,Sociales,19,bajo,Lenguaje
EST_267,Matemáticas,34,bajo,Sociales
EST_267,Lenguaje,44,medio,Sociales
EST_267,Artística,19,bajo,Sociales
EST_267,Sociales,68,medio,Sociales
EST_268,Matemáticas,79,alto,Matemáticas
EST_268,Lenguaje,17,bajo,Matemáticas
EST_268,Artística,42,medio,Matemáticas
EST_268,Sociales,60,medio,Matemáticas
EST_269,Matemáticas,73,alto,Matemáticas
EST_269,Lenguaje,37,bajo,Matemáticas
EST_269,Artística,37,bajo,Matemáticas
EST_269,Sociales,49,medio,Matemáticas
EST_270,Matemáticas,47,medio,Lenguaje
EST_270,Lenguaje,59,medio,Lenguaje
EST_270,Artística,39,bajo,Lenguaje
EST_270,Sociales,40,medio,Lenguaje
EST_271,Matemáticas,75,alto,Artística
EST_271,Lenguaje,82,alto,Artística
EST_271,Artística,88,alto,Artística
EST_271,Sociales,50,medio,Artística
EST_272,Matemáticas,32,bajo,Sociales
EST_272,Lenguaje,55,medio,Sociales
EST_272,Artística,27,bajo,Sociales
EST_272,Sociales,57,medio,Sociales
EST_273,Matemáticas,25,bajo,Lenguaje
EST_273,Lenguaje,56,medio,Lenguaje
EST_273,Artística,32,bajo,Lenguaje
EST_273,Sociales,30,bajo,Lenguaje
EST_274,Matemáticas,14,bajo,Sociales
EST_274,Lenguaje,20,bajo,Sociales
EST_274,Artística,71,alto,Sociales
EST_274,Sociales,77,alto,Sociales
EST_275,Matemáticas,23,bajo,Sociales
EST_275,Lenguaje,57,medio,Sociales
EST_275,Artística,32,bajo,Sociales
EST_275,Sociales,59,medio,Sociales
EST_276,Matemáticas,32,bajo,Lenguaje
EST_276,Lenguaje,90,alto,Lenguaje
EST_276,Artística,78,alto,Lenguaje
EST_276,Sociales,58,medio,Lenguaje
EST_277,Matemáticas,64,medio,Sociales
EST_277,Lenguaje,70,alto,Sociales
EST_277,Artística,69,medio,Sociales
EST_277,Sociales,88,alto,Sociales
EST_278,Matemáticas,47,medio,Lenguaje
EST_278,Lenguaje,72,alto,Lenguaje
EST_278,Artística,23,bajo,Lenguaje
EST_278,Sociales,61,medio,Lenguaje
EST_279,Matemáticas,41,medio,Lenguaje
EST_279,Lenguaje,83,alto,Lenguaje
EST_279,Artística,71,alto,Lenguaje
EST_279,Sociales,62,medio,Lenguaje
EST_280,Matemáticas,82,alto,Sociales
EST_280,Lenguaje,64,medio,Sociales
EST_280,Artística,64,medio,Sociales
EST_280,Sociales,85,alto,Sociales
EST_281,Matemáticas,25,bajo,Artística
EST_281,Lenguaje,63,medio,Artística
EST_281,Artística,67,medio,Artística
EST_281,Sociales,34,bajo,Artística
EST_282,Matemáticas,60,medio,Artística
EST_282,Lenguaje,47,medio,Artística
EST_282,Artística,72,alto,Artística
EST_282,Sociales,65,medio,Artística
EST_283,Matemáticas,19,bajo,Lenguaje
EST_283,Lenguaje,88,alto,Lenguaje
EST_283,Artística,56,medio,Lenguaje
EST_283,Sociales,33,bajo,Lenguaje
EST_284,Matemáticas,61,medio,Matemáticas
EST_284,Lenguaje,17,bajo,Matemáticas
EST_284,Artística,55,medio,Matemáticas
EST_284,Sociales,22,bajo,Matemáticas
EST_285,Matemáticas,29,bajo,Lenguaje
EST_285,Lenguaje,71,alto,Lenguaje
EST_285,Artística,61,medio,Lenguaje
EST_285,Sociales,27,bajo,Lenguaje
EST_286,Matemáticas,79,alto,Matemáticas
EST_286,Lenguaje,47,medio,Matemáticas
EST_286,Artística,20,bajo,Matemáticas
EST_286,Sociales,22,bajo,Matemáticas
EST_287,Matemáticas,49,medio,Lenguaje
EST_287,Lenguaje,85,alto,Lenguaje
EST_287,Artística,11,bajo,Lenguaje
EST_287,Sociales,15,bajo,Lenguaje
EST_288,Matemáticas,85,alto,Matemáticas
EST_288,Lenguaje,48,medio,Matemáticas
EST_288,Artística,73,alto,Matemáticas
EST_288,Sociales,48,medio,Matemáticas
EST_289,Matemáticas,86,alto,Matemáticas
EST_289,Lenguaje,34,bajo,Matemáticas
EST_289,Artística,27,bajo,Matemáticas
EST_289,Sociales,39,bajo,Matemáticas
EST_290,Matemáticas,89,alto,Matemáticas
EST_290,Lenguaje,33,bajo,Matemáticas
EST_290,Artística,65,medio,Matemáticas
EST_290,Sociales,70,alto,Matemáticas
EST_291,Matemáticas,48,medio,Lenguaje
EST_291,Lenguaje,69,medio,Lenguaje
EST_291,Artística,28,bajo,Lenguaje
EST_291,Sociales,27,bajo,Lenguaje
EST_292,Matemáticas,16,bajo,Sociales
EST_292,Lenguaje,15,bajo,Sociales
EST_292,Artística,45,medio,Sociales
EST_292,Sociales,88,alto,Sociales
EST_293,Matemáticas,69,medio,Matemáticas
EST_293,Lenguaje,67,medio,Matemáticas
EST_293,Artística,20,bajo,Matemáticas
EST_293,Sociales,26,bajo,Matemáticas
EST_294,Matemáticas,73,alto,Matemáticas
EST_294,Lenguaje,43,medio,Matemáticas
EST_294,Artística,54,medio,Matemáticas
EST_294,Sociales,52,medio,Matemáticas
EST_295,Matemáticas,66,medio,Sociales
EST_295,Lenguaje,32,bajo,Sociales
EST_295,Artística,23,bajo,Sociales
EST_295,Sociales,80,alto,Sociales
EST_296,Matemáticas,39,bajo,Sociales
EST_296,Lenguaje,75,alto,Sociales
EST_296,Artística,22,bajo,Sociales
EST_296,Sociales,88,alto,Sociales
EST_297,Matemáticas,34,bajo,Artística
EST_297,Lenguaje,37,bajo,Artística
EST_297,Artística,81,alto,Artística
EST_297,Sociales,12,bajo,Artística
EST_298,Matemáticas,15,bajo,Lenguaje
EST_298,Lenguaje,39,bajo,Lenguaje
EST_298,Artística,26,bajo,Lenguaje
EST_298,Sociales,30,bajo,Lenguaje
EST_299,Matemáticas,14,bajo,Sociales
EST_299,Lenguaje,11,bajo,Sociales
EST_299,Artística,75,alto,Sociales
EST_299,Sociales,83,alto,Sociales
EST_300,Matemáticas,21,bajo,Sociales
EST_300,Lenguaje,49,medio,Sociales
EST_300,Artística,42,medio,Sociales
EST_300,Sociales,73,alto,Sociales
